{"장원영": 0, "チャン・ウォニョン": 0, "미야와키 사쿠라": 1, "宮脇咲 良": 1, "宮脇咲良": 1, "조유리": 2, "チョ・ユリ": 2, "최예나": 3, "チェ・イェナ": 3, "안유진": 4, "야부키 나코": 5, "矢吹奈子": 5, "권은비": 6, "クォン・ウンビ": 6, "강혜원": 7, "カン・へウォン": 7, "혼다 히토미": 8, "本田仁美": 8, "김채원": 9, "キム・チェウォン": 9, "김민주": 10, "キム・ミンジュ": 10, "이채연": 11, "イ・チェヨン": 11, "운영팀": 12, "예나🐥": 3, "🍞토미": 8, "🧞‍♂️유진": 4, "밍구리🐸": 10, "희지🐹": 2, "워뇨🐰": 0, "나코🍓": 5, "맏내🌌": 6, "쌈무🧚‍♀️": 9, "강짱👽": 7, "꾸라🌸": 1, "깃털🕊": 11}