[
    {"path": "la-vie-en-rose", "name":"라비앙 로즈"},
    {"path": "violeta", "name":"비올레타"},
    {"path": "fiesta", "name":"피에스타"},
    {"path": "the-secret-story-of-swan", "name":"환상동화"},
	{"path": "panorama", "name":"파노라마"},
    {"path": "one-the-story", "name":"One The Story 포스터"},
    {"path": "one-the-story-appreciation", "name":"One The Story 소감"},
    {"path": "eating-trip-3", "name":"잇힝 트립 3"},
    {"path": "latest", "name":"최신 프메"}
]