{"t0000": {"body": "기존에 백업하신 분은 <br>백업한 output 폴더에 있는 pm.js, mail 폴더, img폴더를<br>뷰어의 output 폴더에 넣어주세요.<br><br> 뷰어에서 백업도 하실 분은 위에 있는 <span class=\"p-1 mr-1 rounded bg-gray-900 text-gray-300\">백업🔄</span> 버튼을 눌러주세요. 팝업이 뜨면, 나와있는 지시대로 따라가시면 됩니다.", "images": []}, "t0001": {"body": "<br>나는 오랜만에 앞머리를 내려봤어요<br>어땡 ?!?!🤭 귀엽다공..? ㅎ 고마워 너도 귀여워 !<br>오늘은 진짜 맛있는 음식을 먹을거야 먹는건 행복한 일이니까아아아아아아아<br><br>{이미지}<br><br>{이미지}<br></div>", "images": ["./img/mail/test/권은비1.jpg", "./img/mail/test/권은비2.jpg"]}}