[{"path": "la-vie-en-rose", "name": "\ub77c\ube44\uc559 \ub85c\uc988"}, {"path": "violeta", "name": "\ube44\uc62c\ub808\ud0c0"}, {"path": "fiesta", "name": "\ud53c\uc5d0\uc2a4\ud0c0"}, {"path": "the-secret-story-of-swan", "name": "\ud658\uc0c1\ub3d9\ud654"}, {"path": "panorama", "name": "\ud30c\ub178\ub77c\ub9c8"}, {"path": "one-the-story", "name": "One The Story \ud3ec\uc2a4\ud130"}, {"path": "one-the-story-appreciation", "name": "One The Story \uc18c\uac10"}, {"path": "eating-trip-3", "name": "\uc787\ud79d \ud2b8\ub9bd 3"}, {"path": "birthday", "name": "\uc0dd\uc77c \ucd95\ud558\ud574"}, {"path": "latest", "name": "\ucd5c\uc2e0 \ud504\uba54"}, {"path": "secret-diary-id", "name": "Secret Diary \uc99d\uba85\uc0ac\uc9c4"}, {"path": "superstar-summer-mp4", "name": "\uc288\ud37c\uc2a4\ud0c0 \uc5ec\ub984"}, {"path": "instagram", "name": "\uc778\uc2a4\ud0c0\uadf8\ub7a8 public mail"}]